<?xml version="1.0" encoding="utf-8"?>
<extension type="component" version="2.5.0" method="upgrade">

	<name>COM_news</name>
	<!-- Следующие элементы необязательны -->
	<creationDate>2017</creationDate>
	<author>Ivan Holovatyi</author>
	<authorEmail>sunamulo@gmail.com</authorEmail>
	<!--  Версия записывается в таблицу компонентов -->
	<version>0.0.16</version>
	<!-- Описание необязательно -->
	<description>COM_NEWS_XML_DESCRIPTION</description>

	<!-- Запускается при установке/удалении/обновлении -->
	<scriptfile>script.php</scriptfile>

	<!-- Запускается при установке -->
	<install>
		<sql>
			<file driver="mysql" charset="utf8">sql/install.mysql.utf8.sql</file>
		</sql>
	</install>
	<!-- Запускается при удалении -->
	<uninstall>
		<sql>
			<file driver="mysql" charset="utf8">sql/uninstall.mysql.utf8.sql</file>
		</sql>
	</uninstall>


	<!-- Раздел основных файлов сайта -->
	<!-- Обратите внимание на значение аттрибута folder: Этот аттрибут описывает папку нашего пакета-установщика из которой должны копироваться файлы.
	Поэтому указанные в этом разделе файлы будут скопированы из папки /site/ нашего пакета-установщика в соответствующую папку установки. -->
	<files folder="site">
		<filename>index.html</filename>
		<filename>controller.php</filename>
		<filename>news.php</filename>
		<folder>language</folder>
		<folder>models</folder>
		<folder>views</folder>
	</files>



	<!-- Администрирование -->
	<administration>
		<!-- Раздел Меню -->
		<menu img="../media/com_news/images/hello-16x16.png">COM_NEWS_MENU</menu>
		<!-- Раздел основных файлов администрирования  -->
		<!-- Обратите внимание на значение аттрибута folder: Этот аттрибут описывает папку нашего пакета-установщика из которой должны копироваться файлы.
		Поэтому указанные в этом разделе файлы будут скопированы из папки /admin/ нашего пакета-установщика в соответствующую папку установки. -->
		<files folder="admin">
			<filename>index.html</filename>
			<filename>access.xml</filename>
			<filename>config.xml</filename>
			<filename>controller.php</filename>
			<filename>news.php</filename>
			<folder>controllers</folder>
			<folder>helpers</folder>
			<folder>models</folder>
			<folder>sql</folder>
			<folder>tables</folder>
			<folder>views</folder>
		</files>
		<languages folder="admin">
			<language tag="en-GB">language/en-GB/en-GB.com_news.ini</language>
			<language tag="en-GB">language/en-GB/en-GB.com_news.sys.ini</language>
		</languages>
	</administration>
</extension>
